"","formulae","accuracy"
"79","dummy.living ~ nr_pix + cols_with_5 + hollowness",0.9625
"171","dummy.living ~ nr_pix + hollowness + avg_pixel_weight",0.9625
"765","dummy.living ~ cols_with_5 + left_diagonals + hollowness",0.95
"169","dummy.living ~ nr_pix + nr_eyes + hollowness",0.93125
"203","dummy.living ~ height + span + hollowness",0.93125
"228","dummy.living ~ height + cols_with_5 + left_diagonals",0.93125
"368","dummy.living ~ width + cols_with_5 + hollowness",0.925
"191","dummy.living ~ height + span + neigh1",0.91875
"564","dummy.living ~ span + horizontalness + hollowness",0.91875
"834","dummy.living ~ neigh1 + horizontalness + left_diagonals",0.91875
"200","dummy.living ~ height + span + right_diagonals",0.9125
"488","dummy.living ~ span + cols_with_5 + hollowness",0.9125
"578","dummy.living ~ span + nr_eyes + hollowness",0.9125
"314","dummy.living ~ height + left_diagonals + avg_pixel_weight",0.90625
"460","dummy.living ~ width + hollowness + avg_pixel_weight",0.9
"501","dummy.living ~ span + neigh1 + hollowness",0.9
"580","dummy.living ~ span + hollowness + avg_pixel_weight",0.9
"701","dummy.living ~ cols_with_5 + neigh5 + verticalness",0.9
"705","dummy.living ~ cols_with_5 + neigh5 + left_diagonals",0.9
"706","dummy.living ~ cols_with_5 + neigh5 + right_diagonals",0.9
"241","dummy.living ~ height + neigh1 + left_diagonals",0.89375
"513","dummy.living ~ span + neigh5 + hollowness",0.89375
"593","dummy.living ~ rows_with_5 + cols_with_5 + hollowness",0.89375
"686","dummy.living ~ cols_with_5 + neigh1 + neigh5",0.89375
"699","dummy.living ~ cols_with_5 + neigh5 + left2tile",0.89375
"1109","dummy.living ~ horizontalness + left_diagonals + hollowness",0.89375
"558","dummy.living ~ span + bottom2tile + hollowness",0.8875
"685","dummy.living ~ rows_with_5 + hollowness + avg_pixel_weight",0.8875
"700","dummy.living ~ cols_with_5 + neigh5 + right2tile",0.8875
"458","dummy.living ~ width + nr_eyes + hollowness",0.88125
"693","dummy.living ~ cols_with_5 + neigh1 + left_diagonals",0.88125
"67","dummy.living ~ nr_pix + cols_with_5 + neigh1",0.875
"97","dummy.living ~ nr_pix + neigh5 + top2tile",0.875
"98","dummy.living ~ nr_pix + neigh5 + bottom2tile",0.875
"573","dummy.living ~ span + right_diagonals + hollowness",0.875
"581","dummy.living ~ rows_with_5 + cols_with_5 + neigh1",0.875
"766","dummy.living ~ cols_with_5 + left_diagonals + avg_pixel_weight",0.875
"782","dummy.living ~ neigh1 + neigh5 + horizontalness",0.875
"788","dummy.living ~ neigh1 + neigh5 + avg_pixel_weight",0.875
"50","dummy.living ~ nr_pix + span + hollowness",0.86875
"151","dummy.living ~ nr_pix + horizontalness + left_diagonals",0.86875
"310","dummy.living ~ height + left_diagonals + right_diagonals",0.86875
"311","dummy.living ~ height + left_diagonals + nr_regions",0.86875
"357","dummy.living ~ width + cols_with_5 + neigh5",0.86875
"474","dummy.living ~ span + rows_with_5 + hollowness",0.86875
"524","dummy.living ~ span + left2tile + hollowness",0.86875
"534","dummy.living ~ span + right2tile + hollowness",0.86875
"569","dummy.living ~ span + left_diagonals + hollowness",0.86875
"605","dummy.living ~ rows_with_5 + neigh1 + nr_eyes",0.86875
"680","dummy.living ~ rows_with_5 + nr_regions + nr_eyes",0.86875
"683","dummy.living ~ rows_with_5 + nr_eyes + hollowness",0.86875
"709","dummy.living ~ cols_with_5 + neigh5 + hollowness",0.86875
"221","dummy.living ~ height + cols_with_5 + neigh5",0.8625
"312","dummy.living ~ height + left_diagonals + nr_eyes",0.8625
"543","dummy.living ~ span + verticalness + hollowness",0.8625
"551","dummy.living ~ span + top2tile + hollowness",0.8625
"576","dummy.living ~ span + nr_regions + hollowness",0.8625
"1085","dummy.living ~ bottom2tile + horizontalness + left_diagonals",0.8625
"339","dummy.living ~ width + span + hollowness",0.85625
"590","dummy.living ~ rows_with_5 + cols_with_5 + right_diagonals",0.85625
"592","dummy.living ~ rows_with_5 + cols_with_5 + nr_eyes",0.85625
"595","dummy.living ~ rows_with_5 + neigh1 + neigh5",0.85625
"786","dummy.living ~ neigh1 + neigh5 + nr_eyes",0.85625
"99","dummy.living ~ nr_pix + neigh5 + horizontalness",0.85
"491","dummy.living ~ span + neigh1 + left2tile",0.85
"492","dummy.living ~ span + neigh1 + right2tile",0.85
"493","dummy.living ~ span + neigh1 + verticalness",0.85
"497","dummy.living ~ span + neigh1 + left_diagonals",0.85
"710","dummy.living ~ cols_with_5 + neigh5 + avg_pixel_weight",0.85
"762","dummy.living ~ cols_with_5 + left_diagonals + right_diagonals",0.85
"893","dummy.living ~ neigh5 + bottom2tile + horizontalness",0.85
"903","dummy.living ~ neigh5 + horizontalness + nr_eyes",0.85
"1064","dummy.living ~ top2tile + horizontalness + left_diagonals",0.85
"172","dummy.living ~ height + width + span",0.84375
"195","dummy.living ~ height + span + verticalness",0.84375
"354","dummy.living ~ width + rows_with_5 + hollowness",0.84375
"589","dummy.living ~ rows_with_5 + cols_with_5 + left_diagonals",0.84375
"707","dummy.living ~ cols_with_5 + neigh5 + nr_regions",0.84375
"708","dummy.living ~ cols_with_5 + neigh5 + nr_eyes",0.84375
"886","dummy.living ~ neigh5 + top2tile + horizontalness",0.84375
"955","dummy.living ~ left2tile + horizontalness + left_diagonals",0.84375
"1000","dummy.living ~ right2tile + horizontalness + left_diagonals",0.84375
"13","dummy.living ~ nr_pix + height + left_diagonals",0.8375
"34","dummy.living ~ nr_pix + width + hollowness",0.8375
"91","dummy.living ~ nr_pix + neigh1 + nr_eyes",0.8375
"202","dummy.living ~ height + span + nr_eyes",0.8375
"264","dummy.living ~ height + left2tile + left_diagonals",0.8375
"327","dummy.living ~ width + span + neigh1",0.8375
"453","dummy.living ~ width + right_diagonals + hollowness",0.8375
"490","dummy.living ~ span + neigh1 + neigh5",0.8375
"673","dummy.living ~ rows_with_5 + left_diagonals + nr_eyes",0.8375
"704","dummy.living ~ cols_with_5 + neigh5 + horizontalness",0.8375
"64","dummy.living ~ nr_pix + rows_with_5 + nr_eyes",0.83125
"217","dummy.living ~ height + rows_with_5 + nr_eyes",0.83125
"254","dummy.living ~ height + neigh5 + right_diagonals",0.83125
"313","dummy.living ~ height + left_diagonals + hollowness",0.83125
"381","dummy.living ~ width + neigh1 + hollowness",0.83125
"495","dummy.living ~ span + neigh1 + bottom2tile",0.83125
"496","dummy.living ~ span + neigh1 + horizontalness",0.83125
"500","dummy.living ~ span + neigh1 + nr_eyes",0.83125
"617","dummy.living ~ rows_with_5 + neigh5 + nr_eyes",0.83125
"677","dummy.living ~ rows_with_5 + right_diagonals + nr_eyes",0.83125
"756","dummy.living ~ cols_with_5 + horizontalness + left_diagonals",0.83125
"68","dummy.living ~ nr_pix + cols_with_5 + neigh5",0.825
"75","dummy.living ~ nr_pix + cols_with_5 + left_diagonals",0.825
"138","dummy.living ~ nr_pix + top2tile + left_diagonals",0.825
"145","dummy.living ~ nr_pix + bottom2tile + left_diagonals",0.825
"183","dummy.living ~ height + width + left_diagonals",0.825
"214","dummy.living ~ height + rows_with_5 + left_diagonals",0.825
"256","dummy.living ~ height + neigh5 + nr_eyes",0.825
"258","dummy.living ~ height + neigh5 + avg_pixel_weight",0.825
"274","dummy.living ~ height + right2tile + left_diagonals",0.825
"304","dummy.living ~ height + horizontalness + left_diagonals",0.825
"364","dummy.living ~ width + cols_with_5 + left_diagonals",0.825
"423","dummy.living ~ width + verticalness + hollowness",0.825
"476","dummy.living ~ span + cols_with_5 + neigh1",0.825
"477","dummy.living ~ span + cols_with_5 + neigh5",0.825
"511","dummy.living ~ span + neigh5 + nr_regions",0.825
"628","dummy.living ~ rows_with_5 + left2tile + nr_eyes",0.825
"647","dummy.living ~ rows_with_5 + verticalness + nr_eyes",0.825
"655","dummy.living ~ rows_with_5 + top2tile + nr_eyes",0.825
"703","dummy.living ~ cols_with_5 + neigh5 + bottom2tile",0.825
"716","dummy.living ~ cols_with_5 + left2tile + left_diagonals",0.825
"726","dummy.living ~ cols_with_5 + right2tile + left_diagonals",0.825
"764","dummy.living ~ cols_with_5 + left_diagonals + nr_eyes",0.825
"821","dummy.living ~ neigh1 + top2tile + left_diagonals",0.825
"1094","dummy.living ~ bottom2tile + left_diagonals + hollowness",0.825
"184","dummy.living ~ height + width + right_diagonals",0.81875
"197","dummy.living ~ height + span + bottom2tile",0.81875
"199","dummy.living ~ height + span + left_diagonals",0.81875
"253","dummy.living ~ height + neigh5 + left_diagonals",0.81875
"283","dummy.living ~ height + verticalness + left_diagonals",0.81875
"298","dummy.living ~ height + bottom2tile + left_diagonals",0.81875
"353","dummy.living ~ width + rows_with_5 + nr_eyes",0.81875
"370","dummy.living ~ width + neigh1 + neigh5",0.81875
"499","dummy.living ~ span + neigh1 + nr_regions",0.81875
"582","dummy.living ~ rows_with_5 + cols_with_5 + neigh5",0.81875
"613","dummy.living ~ rows_with_5 + neigh5 + horizontalness",0.81875
"638","dummy.living ~ rows_with_5 + right2tile + nr_eyes",0.81875
"668","dummy.living ~ rows_with_5 + horizontalness + nr_eyes",0.81875
"690","dummy.living ~ cols_with_5 + neigh1 + top2tile",0.81875
"828","dummy.living ~ neigh1 + bottom2tile + left_diagonals",0.81875
"1073","dummy.living ~ top2tile + left_diagonals + hollowness",0.81875
"1107","dummy.living ~ horizontalness + left_diagonals + nr_regions",0.81875
"38","dummy.living ~ nr_pix + span + neigh1",0.8125
"196","dummy.living ~ height + span + top2tile",0.8125
"462","dummy.living ~ span + rows_with_5 + neigh1",0.8125
"473","dummy.living ~ span + rows_with_5 + nr_eyes",0.8125
"484","dummy.living ~ span + cols_with_5 + left_diagonals",0.8125
"494","dummy.living ~ span + neigh1 + top2tile",0.8125
"587","dummy.living ~ rows_with_5 + cols_with_5 + bottom2tile",0.8125
"598","dummy.living ~ rows_with_5 + neigh1 + verticalness",0.8125
"662","dummy.living ~ rows_with_5 + bottom2tile + nr_eyes",0.8125
"684","dummy.living ~ rows_with_5 + nr_eyes + avg_pixel_weight",0.8125
"691","dummy.living ~ cols_with_5 + neigh1 + bottom2tile",0.8125
"702","dummy.living ~ cols_with_5 + neigh5 + top2tile",0.8125
"763","dummy.living ~ cols_with_5 + left_diagonals + nr_regions",0.8125
"1079","dummy.living ~ top2tile + nr_regions + nr_eyes",0.8125
"2","dummy.living ~ nr_pix + height + span",0.80625
"204","dummy.living ~ height + span + avg_pixel_weight",0.80625
"291","dummy.living ~ height + top2tile + left_diagonals",0.80625
"377","dummy.living ~ width + neigh1 + left_diagonals",0.80625
"380","dummy.living ~ width + neigh1 + nr_eyes",0.80625
"498","dummy.living ~ span + neigh1 + right_diagonals",0.80625
"502","dummy.living ~ span + neigh1 + avg_pixel_weight",0.80625
"586","dummy.living ~ rows_with_5 + cols_with_5 + top2tile",0.80625
"731","dummy.living ~ cols_with_5 + right2tile + avg_pixel_weight",0.80625
"743","dummy.living ~ cols_with_5 + top2tile + left_diagonals",0.80625
"781","dummy.living ~ neigh1 + neigh5 + bottom2tile",0.80625
"785","dummy.living ~ neigh1 + neigh5 + nr_regions",0.80625
"824","dummy.living ~ neigh1 + top2tile + nr_eyes",0.80625
"831","dummy.living ~ neigh1 + bottom2tile + nr_eyes",0.80625
"841","dummy.living ~ neigh1 + left_diagonals + nr_regions",0.80625
"859","dummy.living ~ neigh5 + left2tile + horizontalness",0.80625
"904","dummy.living ~ neigh5 + horizontalness + hollowness",0.80625
"1071","dummy.living ~ top2tile + left_diagonals + nr_regions",0.80625
"1092","dummy.living ~ bottom2tile + left_diagonals + nr_regions",0.80625
"1108","dummy.living ~ horizontalness + left_diagonals + nr_eyes",0.80625
"1130","dummy.living ~ left_diagonals + hollowness + avg_pixel_weight",0.80625
"342","dummy.living ~ width + rows_with_5 + neigh1",0.8
"356","dummy.living ~ width + cols_with_5 + neigh1",0.8
"711","dummy.living ~ cols_with_5 + left2tile + right2tile",0.8
"780","dummy.living ~ neigh1 + neigh5 + top2tile",0.8
"869","dummy.living ~ neigh5 + right2tile + horizontalness",0.8
"187","dummy.living ~ height + width + hollowness",0.79375
"190","dummy.living ~ height + span + cols_with_5",0.79375
"192","dummy.living ~ height + span + neigh5",0.79375
"207","dummy.living ~ height + rows_with_5 + neigh5",0.79375
"522","dummy.living ~ span + left2tile + nr_regions",0.79375
"583","dummy.living ~ rows_with_5 + cols_with_5 + left2tile",0.79375
"674","dummy.living ~ rows_with_5 + left_diagonals + hollowness",0.79375
"735","dummy.living ~ cols_with_5 + verticalness + left_diagonals",0.79375
"741","dummy.living ~ cols_with_5 + top2tile + bottom2tile",0.79375
"750","dummy.living ~ cols_with_5 + bottom2tile + left_diagonals",0.79375
"774","dummy.living ~ cols_with_5 + nr_eyes + hollowness",0.79375
"844","dummy.living ~ neigh1 + left_diagonals + avg_pixel_weight",0.79375
"901","dummy.living ~ neigh5 + horizontalness + right_diagonals",0.79375
"1128","dummy.living ~ left_diagonals + nr_eyes + hollowness",0.79375
"201","dummy.living ~ height + span + nr_regions",0.7875
"284","dummy.living ~ height + verticalness + right_diagonals",0.7875
"489","dummy.living ~ span + cols_with_5 + avg_pixel_weight",0.7875
"532","dummy.living ~ span + right2tile + nr_regions",0.7875
"588","dummy.living ~ rows_with_5 + cols_with_5 + horizontalness",0.7875
"696","dummy.living ~ cols_with_5 + neigh1 + nr_eyes",0.7875
"761","dummy.living ~ cols_with_5 + horizontalness + avg_pixel_weight",0.7875
"784","dummy.living ~ neigh1 + neigh5 + right_diagonals",0.7875
"787","dummy.living ~ neigh1 + neigh5 + hollowness",0.7875
"814","dummy.living ~ neigh1 + verticalness + right_diagonals",0.7875
"816","dummy.living ~ neigh1 + verticalness + nr_eyes",0.7875
"842","dummy.living ~ neigh1 + left_diagonals + nr_eyes",0.7875
"897","dummy.living ~ neigh5 + bottom2tile + nr_eyes",0.7875
"1100","dummy.living ~ bottom2tile + nr_regions + nr_eyes",0.7875
"175","dummy.living ~ height + width + neigh1",0.78125
"193","dummy.living ~ height + span + left2tile",0.78125
"194","dummy.living ~ height + span + right2tile",0.78125
"198","dummy.living ~ height + span + horizontalness",0.78125
"234","dummy.living ~ height + neigh1 + neigh5",0.78125
"376","dummy.living ~ width + neigh1 + horizontalness",0.78125
"382","dummy.living ~ width + neigh1 + avg_pixel_weight",0.78125
"429","dummy.living ~ width + top2tile + nr_regions",0.78125
"529","dummy.living ~ span + right2tile + horizontalness",0.78125
"549","dummy.living ~ span + top2tile + nr_regions",0.78125
"584","dummy.living ~ rows_with_5 + cols_with_5 + right2tile",0.78125
"698","dummy.living ~ cols_with_5 + neigh1 + avg_pixel_weight",0.78125
"779","dummy.living ~ neigh1 + neigh5 + verticalness",0.78125
"783","dummy.living ~ neigh1 + neigh5 + left_diagonals",0.78125
"826","dummy.living ~ neigh1 + top2tile + avg_pixel_weight",0.78125
"833","dummy.living ~ neigh1 + bottom2tile + avg_pixel_weight",0.78125
"889","dummy.living ~ neigh5 + top2tile + nr_regions",0.78125
"890","dummy.living ~ neigh5 + top2tile + nr_eyes",0.78125
"896","dummy.living ~ neigh5 + bottom2tile + nr_regions",0.78125
"902","dummy.living ~ neigh5 + horizontalness + nr_regions",0.78125
"905","dummy.living ~ neigh5 + horizontalness + avg_pixel_weight",0.78125
"988","dummy.living ~ right2tile + top2tile + right_diagonals",0.78125
"1126","dummy.living ~ left_diagonals + nr_regions + hollowness",0.78125
"1132","dummy.living ~ right_diagonals + nr_regions + hollowness",0.78125
"81","dummy.living ~ nr_pix + neigh1 + neigh5",0.775
"160","dummy.living ~ nr_pix + left_diagonals + hollowness",0.775
"189","dummy.living ~ height + span + rows_with_5",0.775
"205","dummy.living ~ height + rows_with_5 + cols_with_5",0.775
"286","dummy.living ~ height + verticalness + nr_eyes",0.775
"393","dummy.living ~ width + neigh5 + hollowness",0.775
"440","dummy.living ~ width + horizontalness + left_diagonals",0.775
"562","dummy.living ~ span + horizontalness + nr_regions",0.775
"602","dummy.living ~ rows_with_5 + neigh1 + left_diagonals",0.775
"768","dummy.living ~ cols_with_5 + right_diagonals + nr_eyes",0.775
"840","dummy.living ~ neigh1 + left_diagonals + right_diagonals",0.775
"950","dummy.living ~ left2tile + bottom2tile + right_diagonals",0.775
"995","dummy.living ~ right2tile + bottom2tile + right_diagonals",0.775
"1049","dummy.living ~ verticalness + right_diagonals + hollowness",0.775
"48","dummy.living ~ nr_pix + span + nr_regions",0.76875
"166","dummy.living ~ nr_pix + nr_regions + nr_eyes",0.76875
"255","dummy.living ~ height + neigh5 + nr_regions",0.76875
"374","dummy.living ~ width + neigh1 + top2tile",0.76875
"378","dummy.living ~ width + neigh1 + right_diagonals",0.76875
"517","dummy.living ~ span + left2tile + top2tile",0.76875
"519","dummy.living ~ span + left2tile + horizontalness",0.76875
"567","dummy.living ~ span + left_diagonals + nr_regions",0.76875
"594","dummy.living ~ rows_with_5 + cols_with_5 + avg_pixel_weight",0.76875
"736","dummy.living ~ cols_with_5 + verticalness + right_diagonals",0.76875
"755","dummy.living ~ cols_with_5 + bottom2tile + avg_pixel_weight",0.76875
"770","dummy.living ~ cols_with_5 + right_diagonals + avg_pixel_weight",0.76875
"776","dummy.living ~ cols_with_5 + hollowness + avg_pixel_weight",0.76875
"777","dummy.living ~ neigh1 + neigh5 + left2tile",0.76875
"818","dummy.living ~ neigh1 + verticalness + avg_pixel_weight",0.76875
"913","dummy.living ~ neigh5 + right_diagonals + hollowness",0.76875
"943","dummy.living ~ left2tile + top2tile + right_diagonals",0.76875
"949","dummy.living ~ left2tile + bottom2tile + left_diagonals",0.76875
"1084","dummy.living ~ top2tile + hollowness + avg_pixel_weight",0.76875
"6","dummy.living ~ nr_pix + height + neigh5",0.7625
"22","dummy.living ~ nr_pix + width + neigh1",0.7625
"69","dummy.living ~ nr_pix + cols_with_5 + left2tile",0.7625
"70","dummy.living ~ nr_pix + cols_with_5 + right2tile",0.7625
"93","dummy.living ~ nr_pix + neigh1 + avg_pixel_weight",0.7625
"181","dummy.living ~ height + width + bottom2tile",0.7625
"229","dummy.living ~ height + cols_with_5 + right_diagonals",0.7625
"275","dummy.living ~ height + right2tile + right_diagonals",0.7625
"315","dummy.living ~ height + right_diagonals + nr_regions",0.7625
"341","dummy.living ~ width + rows_with_5 + cols_with_5",0.7625
"369","dummy.living ~ width + cols_with_5 + avg_pixel_weight",0.7625
"371","dummy.living ~ width + neigh1 + left2tile",0.7625
"372","dummy.living ~ width + neigh1 + right2tile",0.7625
"391","dummy.living ~ width + neigh5 + nr_regions",0.7625
"456","dummy.living ~ width + nr_regions + hollowness",0.7625
"527","dummy.living ~ span + right2tile + top2tile",0.7625
"528","dummy.living ~ span + right2tile + bottom2tile",0.7625
"556","dummy.living ~ span + bottom2tile + nr_regions",0.7625
"599","dummy.living ~ rows_with_5 + neigh1 + top2tile",0.7625
"721","dummy.living ~ cols_with_5 + left2tile + avg_pixel_weight",0.7625
"748","dummy.living ~ cols_with_5 + top2tile + avg_pixel_weight",0.7625
"754","dummy.living ~ cols_with_5 + bottom2tile + hollowness",0.7625
"778","dummy.living ~ neigh1 + neigh5 + right2tile",0.7625
"891","dummy.living ~ neigh5 + top2tile + hollowness",0.7625
"898","dummy.living ~ neigh5 + bottom2tile + hollowness",0.7625
"73","dummy.living ~ nr_pix + cols_with_5 + bottom2tile",0.75625
"77","dummy.living ~ nr_pix + cols_with_5 + nr_regions",0.75625
"164","dummy.living ~ nr_pix + right_diagonals + hollowness",0.75625
"220","dummy.living ~ height + cols_with_5 + neigh1",0.75625
"224","dummy.living ~ height + cols_with_5 + verticalness",0.75625
"233","dummy.living ~ height + cols_with_5 + avg_pixel_weight",0.75625
"249","dummy.living ~ height + neigh5 + verticalness",0.75625
"250","dummy.living ~ height + neigh5 + top2tile",0.75625
"251","dummy.living ~ height + neigh5 + bottom2tile",0.75625
"317","dummy.living ~ height + right_diagonals + hollowness",0.75625
"318","dummy.living ~ height + right_diagonals + avg_pixel_weight",0.75625
"337","dummy.living ~ width + span + nr_regions",0.75625
"373","dummy.living ~ width + neigh1 + verticalness",0.75625
"375","dummy.living ~ width + neigh1 + bottom2tile",0.75625
"444","dummy.living ~ width + horizontalness + hollowness",0.75625
"461","dummy.living ~ span + rows_with_5 + cols_with_5",0.75625
"472","dummy.living ~ span + rows_with_5 + nr_regions",0.75625
"541","dummy.living ~ span + verticalness + nr_regions",0.75625
"720","dummy.living ~ cols_with_5 + left2tile + hollowness",0.75625
"730","dummy.living ~ cols_with_5 + right2tile + hollowness",0.75625
"747","dummy.living ~ cols_with_5 + top2tile + hollowness",0.75625
"769","dummy.living ~ cols_with_5 + right_diagonals + hollowness",0.75625
"773","dummy.living ~ cols_with_5 + nr_regions + avg_pixel_weight",0.75625
"813","dummy.living ~ neigh1 + verticalness + left_diagonals",0.75625
"843","dummy.living ~ neigh1 + left_diagonals + hollowness",0.75625
"881","dummy.living ~ neigh5 + verticalness + nr_regions",0.75625
"909","dummy.living ~ neigh5 + left_diagonals + hollowness",0.75625
"1082","dummy.living ~ top2tile + nr_eyes + hollowness",0.75625
"1103","dummy.living ~ bottom2tile + nr_eyes + hollowness",0.75625
"88","dummy.living ~ nr_pix + neigh1 + left_diagonals",0.75
"176","dummy.living ~ height + width + neigh5",0.75
"180","dummy.living ~ height + width + top2tile",0.75
"227","dummy.living ~ height + cols_with_5 + horizontalness",0.75
"247","dummy.living ~ height + neigh5 + left2tile",0.75
"265","dummy.living ~ height + left2tile + right_diagonals",0.75
"575","dummy.living ~ span + nr_regions + nr_eyes",0.75
"654","dummy.living ~ rows_with_5 + top2tile + nr_regions",0.75
"661","dummy.living ~ rows_with_5 + bottom2tile + nr_regions",0.75
"665","dummy.living ~ rows_with_5 + horizontalness + left_diagonals",0.75
"689","dummy.living ~ cols_with_5 + neigh1 + verticalness",0.75
"775","dummy.living ~ cols_with_5 + nr_eyes + avg_pixel_weight",0.75
"806","dummy.living ~ neigh1 + right2tile + nr_regions",0.75
"847","dummy.living ~ neigh1 + right_diagonals + hollowness",0.75
"852","dummy.living ~ neigh1 + nr_eyes + hollowness",0.75
"854","dummy.living ~ neigh1 + hollowness + avg_pixel_weight",0.75
"862","dummy.living ~ neigh5 + left2tile + nr_regions",0.75
"918","dummy.living ~ neigh5 + nr_eyes + hollowness",0.75
"920","dummy.living ~ neigh5 + hollowness + avg_pixel_weight",0.75
"1054","dummy.living ~ verticalness + nr_eyes + hollowness",0.75
"1056","dummy.living ~ verticalness + hollowness + avg_pixel_weight",0.75
"1105","dummy.living ~ bottom2tile + hollowness + avg_pixel_weight",0.75
"1110","dummy.living ~ horizontalness + left_diagonals + avg_pixel_weight",0.75
"1137","dummy.living ~ nr_regions + nr_eyes + hollowness",0.75
"1139","dummy.living ~ nr_regions + hollowness + avg_pixel_weight",0.75
"1140","dummy.living ~ nr_eyes + hollowness + avg_pixel_weight",0.75
"83","dummy.living ~ nr_pix + neigh1 + right2tile",0.74375
"167","dummy.living ~ nr_pix + nr_regions + hollowness",0.74375
"182","dummy.living ~ height + width + horizontalness",0.74375
"585","dummy.living ~ rows_with_5 + cols_with_5 + verticalness",0.74375
"618","dummy.living ~ rows_with_5 + neigh5 + hollowness",0.74375
"678","dummy.living ~ rows_with_5 + right_diagonals + hollowness",0.74375
"740","dummy.living ~ cols_with_5 + verticalness + avg_pixel_weight",0.74375
"760","dummy.living ~ cols_with_5 + horizontalness + hollowness",0.74375
"804","dummy.living ~ neigh1 + right2tile + left_diagonals",0.74375
"942","dummy.living ~ left2tile + top2tile + left_diagonals",0.74375
"976","dummy.living ~ right2tile + verticalness + top2tile",0.74375
"994","dummy.living ~ right2tile + bottom2tile + left_diagonals",0.74375
"1009","dummy.living ~ right2tile + left_diagonals + hollowness",0.74375
"1077","dummy.living ~ top2tile + right_diagonals + hollowness",0.74375
"1136","dummy.living ~ right_diagonals + hollowness + avg_pixel_weight",0.74375
"4","dummy.living ~ nr_pix + height + cols_with_5",0.7375
"80","dummy.living ~ nr_pix + cols_with_5 + avg_pixel_weight",0.7375
"82","dummy.living ~ nr_pix + neigh1 + left2tile",0.7375
"84","dummy.living ~ nr_pix + neigh1 + verticalness",0.7375
"177","dummy.living ~ height + width + left2tile",0.7375
"178","dummy.living ~ height + width + right2tile",0.7375
"186","dummy.living ~ height + width + nr_eyes",0.7375
"289","dummy.living ~ height + top2tile + bottom2tile",0.7375
"379","dummy.living ~ width + neigh1 + nr_regions",0.7375
"402","dummy.living ~ width + left2tile + nr_regions",0.7375
"431","dummy.living ~ width + top2tile + hollowness",0.7375
"438","dummy.living ~ width + bottom2tile + hollowness",0.7375
"459","dummy.living ~ width + nr_eyes + avg_pixel_weight",0.7375
"518","dummy.living ~ span + left2tile + bottom2tile",0.7375
"577","dummy.living ~ span + nr_regions + avg_pixel_weight",0.7375
"591","dummy.living ~ rows_with_5 + cols_with_5 + nr_regions",0.7375
"739","dummy.living ~ cols_with_5 + verticalness + hollowness",0.7375
"836","dummy.living ~ neigh1 + horizontalness + nr_regions",0.7375
"907","dummy.living ~ neigh5 + left_diagonals + nr_regions",0.7375
"1134","dummy.living ~ right_diagonals + nr_eyes + hollowness",0.7375
"5","dummy.living ~ nr_pix + height + neigh1",0.73125
"16","dummy.living ~ nr_pix + height + nr_eyes",0.73125
"242","dummy.living ~ height + neigh1 + right_diagonals",0.73125
"248","dummy.living ~ height + neigh5 + right2tile",0.73125
"257","dummy.living ~ height + neigh5 + hollowness",0.73125
"301","dummy.living ~ height + bottom2tile + nr_eyes",0.73125
"316","dummy.living ~ height + right_diagonals + nr_eyes",0.73125
"323","dummy.living ~ height + nr_eyes + avg_pixel_weight",0.73125
"414","dummy.living ~ width + right2tile + hollowness",0.73125
"442","dummy.living ~ width + horizontalness + nr_regions",0.73125
"449","dummy.living ~ width + left_diagonals + hollowness",0.73125
"600","dummy.living ~ rows_with_5 + neigh1 + bottom2tile",0.73125
"607","dummy.living ~ rows_with_5 + neigh1 + avg_pixel_weight",0.73125
"794","dummy.living ~ neigh1 + left2tile + left_diagonals",0.73125
"872","dummy.living ~ neigh5 + right2tile + nr_regions",0.73125
"911","dummy.living ~ neigh5 + right_diagonals + nr_regions",0.73125
"924","dummy.living ~ left2tile + right2tile + horizontalness",0.73125
"962","dummy.living ~ left2tile + left_diagonals + nr_regions",0.73125
"968","dummy.living ~ left2tile + right_diagonals + hollowness",0.73125
"991","dummy.living ~ right2tile + top2tile + hollowness",0.73125
"1013","dummy.living ~ right2tile + right_diagonals + hollowness",0.73125
"1045","dummy.living ~ verticalness + left_diagonals + hollowness",0.73125
"1047","dummy.living ~ verticalness + right_diagonals + nr_regions",0.73125
"1098","dummy.living ~ bottom2tile + right_diagonals + hollowness",0.73125
"14","dummy.living ~ nr_pix + height + right_diagonals",0.725
"32","dummy.living ~ nr_pix + width + nr_regions",0.725
"52","dummy.living ~ nr_pix + rows_with_5 + cols_with_5",0.725
"65","dummy.living ~ nr_pix + rows_with_5 + hollowness",0.725
"173","dummy.living ~ height + width + rows_with_5",0.725
"225","dummy.living ~ height + cols_with_5 + top2tile",0.725
"226","dummy.living ~ height + cols_with_5 + bottom2tile",0.725
"230","dummy.living ~ height + cols_with_5 + nr_regions",0.725
"252","dummy.living ~ height + neigh5 + horizontalness",0.725
"288","dummy.living ~ height + verticalness + avg_pixel_weight",0.725
"294","dummy.living ~ height + top2tile + nr_eyes",0.725
"307","dummy.living ~ height + horizontalness + nr_eyes",0.725
"322","dummy.living ~ height + nr_eyes + hollowness",0.725
"447","dummy.living ~ width + left_diagonals + nr_regions",0.725
"604","dummy.living ~ rows_with_5 + neigh1 + nr_regions",0.725
"789","dummy.living ~ neigh1 + left2tile + right2tile",0.725
"790","dummy.living ~ neigh1 + left2tile + verticalness",0.725
"796","dummy.living ~ neigh1 + left2tile + nr_regions",0.725
"801","dummy.living ~ neigh1 + right2tile + top2tile",0.725
"802","dummy.living ~ neigh1 + right2tile + bottom2tile",0.725
"819","dummy.living ~ neigh1 + top2tile + bottom2tile",0.725
"964","dummy.living ~ left2tile + left_diagonals + hollowness",0.725
"998","dummy.living ~ right2tile + bottom2tile + hollowness",0.725
"1037","dummy.living ~ verticalness + horizontalness + right_diagonals",0.725
"1123","dummy.living ~ left_diagonals + right_diagonals + hollowness",0.725
"72","dummy.living ~ nr_pix + cols_with_5 + top2tile",0.71875
"158","dummy.living ~ nr_pix + left_diagonals + nr_regions",0.71875
"222","dummy.living ~ height + cols_with_5 + left2tile",0.71875
"223","dummy.living ~ height + cols_with_5 + right2tile",0.71875
"231","dummy.living ~ height + cols_with_5 + nr_eyes",0.71875
"232","dummy.living ~ height + cols_with_5 + hollowness",0.71875
"243","dummy.living ~ height + neigh1 + nr_regions",0.71875
"259","dummy.living ~ height + left2tile + right2tile",0.71875
"292","dummy.living ~ height + top2tile + right_diagonals",0.71875
"319","dummy.living ~ height + nr_regions + nr_eyes",0.71875
"321","dummy.living ~ height + nr_regions + avg_pixel_weight",0.71875
"352","dummy.living ~ width + rows_with_5 + nr_regions",0.71875
"404","dummy.living ~ width + left2tile + hollowness",0.71875
"616","dummy.living ~ rows_with_5 + neigh5 + nr_regions",0.71875
"656","dummy.living ~ rows_with_5 + top2tile + hollowness",0.71875
"718","dummy.living ~ cols_with_5 + left2tile + nr_regions",0.71875
"752","dummy.living ~ cols_with_5 + bottom2tile + nr_regions",0.71875
"815","dummy.living ~ neigh1 + verticalness + nr_regions",0.71875
"817","dummy.living ~ neigh1 + verticalness + hollowness",0.71875
"916","dummy.living ~ neigh5 + nr_regions + hollowness",0.71875
"987","dummy.living ~ right2tile + top2tile + left_diagonals",0.71875
"1026","dummy.living ~ verticalness + top2tile + nr_eyes",0.71875
"1055","dummy.living ~ verticalness + nr_eyes + avg_pixel_weight",0.71875
"1057","dummy.living ~ top2tile + bottom2tile + horizontalness",0.71875
"1087","dummy.living ~ bottom2tile + horizontalness + nr_regions",0.71875
"1093","dummy.living ~ bottom2tile + left_diagonals + nr_eyes",0.71875
"76","dummy.living ~ nr_pix + cols_with_5 + right_diagonals",0.7125
"210","dummy.living ~ height + rows_with_5 + verticalness",0.7125
"215","dummy.living ~ height + rows_with_5 + right_diagonals",0.7125
"219","dummy.living ~ height + rows_with_5 + avg_pixel_weight",0.7125
"305","dummy.living ~ height + horizontalness + right_diagonals",0.7125
"388","dummy.living ~ width + neigh5 + horizontalness",0.7125
"436","dummy.living ~ width + bottom2tile + nr_regions",0.7125
"571","dummy.living ~ span + right_diagonals + nr_regions",0.7125
"663","dummy.living ~ rows_with_5 + bottom2tile + hollowness",0.7125
"695","dummy.living ~ cols_with_5 + neigh1 + nr_regions",0.7125
"723","dummy.living ~ cols_with_5 + right2tile + top2tile",0.7125
"745","dummy.living ~ cols_with_5 + top2tile + nr_regions",0.7125
"800","dummy.living ~ neigh1 + right2tile + verticalness",0.7125
"900","dummy.living ~ neigh5 + horizontalness + left_diagonals",0.7125
"917","dummy.living ~ neigh5 + nr_regions + avg_pixel_weight",0.7125
"973","dummy.living ~ left2tile + nr_eyes + hollowness",0.7125
"990","dummy.living ~ right2tile + top2tile + nr_eyes",0.7125
"1007","dummy.living ~ right2tile + left_diagonals + nr_regions",0.7125
"1033","dummy.living ~ verticalness + bottom2tile + nr_eyes",0.7125
"1062","dummy.living ~ top2tile + bottom2tile + hollowness",0.7125
"1072","dummy.living ~ top2tile + left_diagonals + nr_eyes",0.7125
"1106","dummy.living ~ horizontalness + left_diagonals + right_diagonals",0.7125
"1","dummy.living ~ nr_pix + height + width",0.70625
"8","dummy.living ~ nr_pix + height + right2tile",0.70625
"71","dummy.living ~ nr_pix + cols_with_5 + verticalness",0.70625
"102","dummy.living ~ nr_pix + neigh5 + nr_regions",0.70625
"168","dummy.living ~ nr_pix + nr_regions + avg_pixel_weight",0.70625
"188","dummy.living ~ height + width + avg_pixel_weight",0.70625
"216","dummy.living ~ height + rows_with_5 + nr_regions",0.70625
"267","dummy.living ~ height + left2tile + nr_eyes",0.70625
"299","dummy.living ~ height + bottom2tile + right_diagonals",0.70625
"303","dummy.living ~ height + bottom2tile + avg_pixel_weight",0.70625
"365","dummy.living ~ width + cols_with_5 + right_diagonals",0.70625
"451","dummy.living ~ width + right_diagonals + nr_regions",0.70625
"480","dummy.living ~ span + cols_with_5 + verticalness",0.70625
"633","dummy.living ~ rows_with_5 + right2tile + bottom2tile",0.70625
"672","dummy.living ~ rows_with_5 + left_diagonals + nr_regions",0.70625
"681","dummy.living ~ rows_with_5 + nr_regions + hollowness",0.70625
"697","dummy.living ~ cols_with_5 + neigh1 + hollowness",0.70625
"772","dummy.living ~ cols_with_5 + nr_regions + hollowness",0.70625
"791","dummy.living ~ neigh1 + left2tile + top2tile",0.70625
"805","dummy.living ~ neigh1 + right2tile + right_diagonals",0.70625
"808","dummy.living ~ neigh1 + right2tile + hollowness",0.70625
"867","dummy.living ~ neigh5 + right2tile + top2tile",0.70625
"915","dummy.living ~ neigh5 + nr_regions + nr_eyes",0.70625
"997","dummy.living ~ right2tile + bottom2tile + nr_eyes",0.70625
"21","dummy.living ~ nr_pix + width + cols_with_5",0.7
"74","dummy.living ~ nr_pix + cols_with_5 + horizontalness",0.7
"271","dummy.living ~ height + right2tile + top2tile",0.7
"277","dummy.living ~ height + right2tile + nr_eyes",0.7
"293","dummy.living ~ height + top2tile + nr_regions",0.7
"296","dummy.living ~ height + top2tile + avg_pixel_weight",0.7
"412","dummy.living ~ width + right2tile + nr_regions",0.7
"421","dummy.living ~ width + verticalness + nr_regions",0.7
"479","dummy.living ~ span + cols_with_5 + right2tile",0.7
"485","dummy.living ~ span + cols_with_5 + right_diagonals",0.7
"486","dummy.living ~ span + cols_with_5 + nr_regions",0.7
"538","dummy.living ~ span + verticalness + horizontalness",0.7
"572","dummy.living ~ span + right_diagonals + nr_eyes",0.7
"648","dummy.living ~ rows_with_5 + verticalness + hollowness",0.7
"667","dummy.living ~ rows_with_5 + horizontalness + nr_regions",0.7
"946","dummy.living ~ left2tile + top2tile + hollowness",0.7
"1001","dummy.living ~ right2tile + horizontalness + right_diagonals",0.7
"1039","dummy.living ~ verticalness + horizontalness + nr_eyes",0.7
"1060","dummy.living ~ top2tile + bottom2tile + nr_regions",0.7
"1115","dummy.living ~ horizontalness + nr_regions + nr_eyes",0.7
"63","dummy.living ~ nr_pix + rows_with_5 + nr_regions",0.69375
"103","dummy.living ~ nr_pix + neigh5 + nr_eyes",0.69375
"136","dummy.living ~ nr_pix + top2tile + bottom2tile",0.69375
"174","dummy.living ~ height + width + cols_with_5",0.69375
"179","dummy.living ~ height + width + verticalness",0.69375
"185","dummy.living ~ height + width + nr_regions",0.69375
"246","dummy.living ~ height + neigh1 + avg_pixel_weight",0.69375
"300","dummy.living ~ height + bottom2tile + nr_regions",0.69375
"457","dummy.living ~ width + nr_regions + avg_pixel_weight",0.69375
"478","dummy.living ~ span + cols_with_5 + left2tile",0.69375
"601","dummy.living ~ rows_with_5 + neigh1 + horizontalness",0.69375
"712","dummy.living ~ cols_with_5 + left2tile + verticalness",0.69375
"722","dummy.living ~ cols_with_5 + right2tile + verticalness",0.69375
"851","dummy.living ~ neigh1 + nr_regions + avg_pixel_weight",0.69375
"857","dummy.living ~ neigh5 + left2tile + top2tile",0.69375
"858","dummy.living ~ neigh5 + left2tile + bottom2tile",0.69375
"923","dummy.living ~ left2tile + right2tile + bottom2tile",0.69375
"945","dummy.living ~ left2tile + top2tile + nr_eyes",0.69375
"953","dummy.living ~ left2tile + bottom2tile + hollowness",0.69375
"977","dummy.living ~ right2tile + verticalness + bottom2tile",0.69375
"989","dummy.living ~ right2tile + top2tile + nr_regions",0.69375
"1052","dummy.living ~ verticalness + nr_regions + hollowness",0.69375
"1113","dummy.living ~ horizontalness + right_diagonals + hollowness",0.69375
"18","dummy.living ~ nr_pix + height + avg_pixel_weight",0.6875
"85","dummy.living ~ nr_pix + neigh1 + top2tile",0.6875
"244","dummy.living ~ height + neigh1 + nr_eyes",0.6875
"324","dummy.living ~ height + hollowness + avg_pixel_weight",0.6875
"579","dummy.living ~ span + nr_eyes + avg_pixel_weight",0.6875
"626","dummy.living ~ rows_with_5 + left2tile + right_diagonals",0.6875
"733","dummy.living ~ cols_with_5 + verticalness + bottom2tile",0.6875
"738","dummy.living ~ cols_with_5 + verticalness + nr_eyes",0.6875
"878","dummy.living ~ neigh5 + verticalness + horizontalness",0.6875
"952","dummy.living ~ left2tile + bottom2tile + nr_eyes",0.6875
"981","dummy.living ~ right2tile + verticalness + nr_regions",0.6875
"992","dummy.living ~ right2tile + top2tile + avg_pixel_weight",0.6875
"1011","dummy.living ~ right2tile + right_diagonals + nr_regions",0.6875
"1034","dummy.living ~ verticalness + bottom2tile + hollowness",0.6875
"1075","dummy.living ~ top2tile + right_diagonals + nr_regions",0.6875
"1138","dummy.living ~ nr_regions + nr_eyes + avg_pixel_weight",0.6875
"3","dummy.living ~ nr_pix + height + rows_with_5",0.68125
"9","dummy.living ~ nr_pix + height + verticalness",0.68125
"53","dummy.living ~ nr_pix + rows_with_5 + neigh1",0.68125
"120","dummy.living ~ nr_pix + right2tile + horizontalness",0.68125
"123","dummy.living ~ nr_pix + right2tile + nr_regions",0.68125
"208","dummy.living ~ height + rows_with_5 + left2tile",0.68125
"211","dummy.living ~ height + rows_with_5 + top2tile",0.68125
"269","dummy.living ~ height + left2tile + avg_pixel_weight",0.68125
"290","dummy.living ~ height + top2tile + horizontalness",0.68125
"309","dummy.living ~ height + horizontalness + avg_pixel_weight",0.68125
"398","dummy.living ~ width + left2tile + bottom2tile",0.68125
"403","dummy.living ~ width + left2tile + nr_eyes",0.68125
"597","dummy.living ~ rows_with_5 + neigh1 + right2tile",0.68125
"623","dummy.living ~ rows_with_5 + left2tile + bottom2tile",0.68125
"636","dummy.living ~ rows_with_5 + right2tile + right_diagonals",0.68125
"724","dummy.living ~ cols_with_5 + right2tile + bottom2tile",0.68125
"734","dummy.living ~ cols_with_5 + verticalness + horizontalness",0.68125
"737","dummy.living ~ cols_with_5 + verticalness + nr_regions",0.68125
"744","dummy.living ~ cols_with_5 + top2tile + right_diagonals",0.68125
"792","dummy.living ~ neigh1 + left2tile + bottom2tile",0.68125
"868","dummy.living ~ neigh5 + right2tile + bottom2tile",0.68125
"931","dummy.living ~ left2tile + verticalness + top2tile",0.68125
"956","dummy.living ~ left2tile + horizontalness + right_diagonals",0.68125
"1027","dummy.living ~ verticalness + top2tile + hollowness",0.68125
"1038","dummy.living ~ verticalness + horizontalness + nr_regions",0.68125
"1043","dummy.living ~ verticalness + left_diagonals + nr_regions",0.68125
"1096","dummy.living ~ bottom2tile + right_diagonals + nr_regions",0.68125
"1111","dummy.living ~ horizontalness + right_diagonals + nr_regions",0.68125
"1127","dummy.living ~ left_diagonals + nr_regions + avg_pixel_weight",0.68125
"10","dummy.living ~ nr_pix + height + top2tile",0.675
"15","dummy.living ~ nr_pix + height + nr_regions",0.675
"170","dummy.living ~ nr_pix + nr_eyes + avg_pixel_weight",0.675
"206","dummy.living ~ height + rows_with_5 + neigh1",0.675
"212","dummy.living ~ height + rows_with_5 + bottom2tile",0.675
"213","dummy.living ~ height + rows_with_5 + horizontalness",0.675
"238","dummy.living ~ height + neigh1 + top2tile",0.675
"455","dummy.living ~ width + nr_regions + nr_eyes",0.675
"596","dummy.living ~ rows_with_5 + neigh1 + left2tile",0.675
"632","dummy.living ~ rows_with_5 + right2tile + top2tile",0.675
"729","dummy.living ~ cols_with_5 + right2tile + nr_eyes",0.675
"732","dummy.living ~ cols_with_5 + verticalness + top2tile",0.675
"758","dummy.living ~ cols_with_5 + horizontalness + nr_regions",0.675
"767","dummy.living ~ cols_with_5 + right_diagonals + nr_regions",0.675
"823","dummy.living ~ neigh1 + top2tile + nr_regions",0.675
"830","dummy.living ~ neigh1 + bottom2tile + nr_regions",0.675
"940","dummy.living ~ left2tile + top2tile + bottom2tile",0.675
"966","dummy.living ~ left2tile + right_diagonals + nr_regions",0.675
"975","dummy.living ~ left2tile + hollowness + avg_pixel_weight",0.675
"985","dummy.living ~ right2tile + top2tile + bottom2tile",0.675
"1048","dummy.living ~ verticalness + right_diagonals + nr_eyes",0.675
"1066","dummy.living ~ top2tile + horizontalness + nr_regions",0.675
"1081","dummy.living ~ top2tile + nr_regions + avg_pixel_weight",0.675
"1125","dummy.living ~ left_diagonals + nr_regions + nr_eyes",0.675
"7","dummy.living ~ nr_pix + height + left2tile",0.66875
"112","dummy.living ~ nr_pix + left2tile + right_diagonals",0.66875
"118","dummy.living ~ nr_pix + right2tile + top2tile",0.66875
"119","dummy.living ~ nr_pix + right2tile + bottom2tile",0.66875
"153","dummy.living ~ nr_pix + horizontalness + nr_regions",0.66875
"262","dummy.living ~ height + left2tile + bottom2tile",0.66875
"279","dummy.living ~ height + right2tile + avg_pixel_weight",0.66875
"359","dummy.living ~ width + cols_with_5 + right2tile",0.66875
"360","dummy.living ~ width + cols_with_5 + verticalness",0.66875
"385","dummy.living ~ width + neigh5 + verticalness",0.66875
"408","dummy.living ~ width + right2tile + bottom2tile",0.66875
"452","dummy.living ~ width + right_diagonals + nr_eyes",0.66875
"606","dummy.living ~ rows_with_5 + neigh1 + hollowness",0.66875
"611","dummy.living ~ rows_with_5 + neigh5 + top2tile",0.66875
"645","dummy.living ~ rows_with_5 + verticalness + right_diagonals",0.66875
"728","dummy.living ~ cols_with_5 + right2tile + nr_regions",0.66875
"874","dummy.living ~ neigh5 + right2tile + hollowness",0.66875
"906","dummy.living ~ neigh5 + left_diagonals + right_diagonals",0.66875
"922","dummy.living ~ left2tile + right2tile + top2tile",0.66875
"937","dummy.living ~ left2tile + verticalness + nr_eyes",0.66875
"993","dummy.living ~ right2tile + bottom2tile + horizontalness",0.66875
"999","dummy.living ~ right2tile + bottom2tile + avg_pixel_weight",0.66875
"1025","dummy.living ~ verticalness + top2tile + nr_regions",0.66875
"1129","dummy.living ~ left_diagonals + nr_eyes + avg_pixel_weight",0.66875
"1133","dummy.living ~ right_diagonals + nr_regions + avg_pixel_weight",0.66875
"104","dummy.living ~ nr_pix + neigh5 + hollowness",0.6625
"140","dummy.living ~ nr_pix + top2tile + nr_regions",0.6625
"159","dummy.living ~ nr_pix + left_diagonals + nr_eyes",0.6625
"261","dummy.living ~ height + left2tile + top2tile",0.6625
"270","dummy.living ~ height + right2tile + verticalness",0.6625
"272","dummy.living ~ height + right2tile + bottom2tile",0.6625
"281","dummy.living ~ height + verticalness + bottom2tile",0.6625
"282","dummy.living ~ height + verticalness + horizontalness",0.6625
"306","dummy.living ~ height + horizontalness + nr_regions",0.6625
"331","dummy.living ~ width + span + verticalness",0.6625
"464","dummy.living ~ span + rows_with_5 + left2tile",0.6625
"508","dummy.living ~ span + neigh5 + horizontalness",0.6625
"521","dummy.living ~ span + left2tile + right_diagonals",0.6625
"536","dummy.living ~ span + verticalness + top2tile",0.6625
"622","dummy.living ~ rows_with_5 + left2tile + top2tile",0.6625
"713","dummy.living ~ cols_with_5 + left2tile + top2tile",0.6625
"742","dummy.living ~ cols_with_5 + top2tile + horizontalness",0.6625
"753","dummy.living ~ cols_with_5 + bottom2tile + nr_eyes",0.6625
"771","dummy.living ~ cols_with_5 + nr_regions + nr_eyes",0.6625
"845","dummy.living ~ neigh1 + right_diagonals + nr_regions",0.6625
"864","dummy.living ~ neigh5 + left2tile + hollowness",0.6625
"895","dummy.living ~ neigh5 + bottom2tile + right_diagonals",0.6625
"926","dummy.living ~ left2tile + right2tile + right_diagonals",0.6625
"947","dummy.living ~ left2tile + top2tile + avg_pixel_weight",0.6625
"982","dummy.living ~ right2tile + verticalness + nr_eyes",0.6625
"1014","dummy.living ~ right2tile + right_diagonals + avg_pixel_weight",0.6625
"1102","dummy.living ~ bottom2tile + nr_regions + avg_pixel_weight",0.6625
"12","dummy.living ~ nr_pix + height + horizontalness",0.65625
"36","dummy.living ~ nr_pix + span + rows_with_5",0.65625
"47","dummy.living ~ nr_pix + span + right_diagonals",0.65625
"86","dummy.living ~ nr_pix + neigh1 + bottom2tile",0.65625
"131","dummy.living ~ nr_pix + verticalness + right_diagonals",0.65625
"133","dummy.living ~ nr_pix + verticalness + nr_eyes",0.65625
"237","dummy.living ~ height + neigh1 + verticalness",0.65625
"260","dummy.living ~ height + left2tile + verticalness",0.65625
"263","dummy.living ~ height + left2tile + horizontalness",0.65625
"266","dummy.living ~ height + left2tile + nr_regions",0.65625
"285","dummy.living ~ height + verticalness + nr_regions",0.65625
"297","dummy.living ~ height + bottom2tile + horizontalness",0.65625
"355","dummy.living ~ width + rows_with_5 + avg_pixel_weight",0.65625
"409","dummy.living ~ width + right2tile + horizontalness",0.65625
"422","dummy.living ~ width + verticalness + nr_eyes",0.65625
"482","dummy.living ~ span + cols_with_5 + bottom2tile",0.65625
"523","dummy.living ~ span + left2tile + nr_eyes",0.65625
"537","dummy.living ~ span + verticalness + bottom2tile",0.65625
"612","dummy.living ~ rows_with_5 + neigh5 + bottom2tile",0.65625
"676","dummy.living ~ rows_with_5 + right_diagonals + nr_regions",0.65625
"727","dummy.living ~ cols_with_5 + right2tile + right_diagonals",0.65625
"793","dummy.living ~ neigh1 + left2tile + horizontalness",0.65625
"929","dummy.living ~ left2tile + right2tile + hollowness",0.65625
"936","dummy.living ~ left2tile + verticalness + nr_regions",0.65625
"948","dummy.living ~ left2tile + bottom2tile + horizontalness",0.65625
"951","dummy.living ~ left2tile + bottom2tile + nr_regions",0.65625
"969","dummy.living ~ left2tile + right_diagonals + avg_pixel_weight",0.65625
"986","dummy.living ~ right2tile + top2tile + horizontalness",0.65625
"1032","dummy.living ~ verticalness + bottom2tile + nr_regions",0.65625
"1036","dummy.living ~ verticalness + horizontalness + left_diagonals",0.65625
"1083","dummy.living ~ top2tile + nr_eyes + avg_pixel_weight",0.65625
"1118","dummy.living ~ horizontalness + nr_eyes + hollowness",0.65625
"11","dummy.living ~ nr_pix + height + bottom2tile",0.65
"92","dummy.living ~ nr_pix + neigh1 + hollowness",0.65
"114","dummy.living ~ nr_pix + left2tile + nr_eyes",0.65
"147","dummy.living ~ nr_pix + bottom2tile + nr_regions",0.65
"162","dummy.living ~ nr_pix + right_diagonals + nr_regions",0.65
"209","dummy.living ~ height + rows_with_5 + right2tile",0.65
"397","dummy.living ~ width + left2tile + top2tile",0.65
"413","dummy.living ~ width + right2tile + nr_eyes",0.65
"646","dummy.living ~ rows_with_5 + verticalness + nr_regions",0.65
"682","dummy.living ~ rows_with_5 + nr_regions + avg_pixel_weight",0.65
"719","dummy.living ~ cols_with_5 + left2tile + nr_eyes",0.65
"811","dummy.living ~ neigh1 + verticalness + bottom2tile",0.65
"827","dummy.living ~ neigh1 + bottom2tile + horizontalness",0.65
"835","dummy.living ~ neigh1 + horizontalness + right_diagonals",0.65
"850","dummy.living ~ neigh1 + nr_regions + hollowness",0.65
"853","dummy.living ~ neigh1 + nr_eyes + avg_pixel_weight",0.65
"861","dummy.living ~ neigh5 + left2tile + right_diagonals",0.65
"944","dummy.living ~ left2tile + top2tile + nr_regions",0.65
"978","dummy.living ~ right2tile + verticalness + horizontalness",0.65
"1024","dummy.living ~ verticalness + top2tile + right_diagonals",0.65
"1035","dummy.living ~ verticalness + bottom2tile + avg_pixel_weight",0.65
"1104","dummy.living ~ bottom2tile + nr_eyes + avg_pixel_weight",0.65
"1117","dummy.living ~ horizontalness + nr_regions + avg_pixel_weight",0.65
"1119","dummy.living ~ horizontalness + nr_eyes + avg_pixel_weight",0.65
"1120","dummy.living ~ horizontalness + hollowness + avg_pixel_weight",0.65
"31","dummy.living ~ nr_pix + width + right_diagonals",0.64375
"90","dummy.living ~ nr_pix + neigh1 + nr_regions",0.64375
"96","dummy.living ~ nr_pix + neigh5 + verticalness",0.64375
"122","dummy.living ~ nr_pix + right2tile + right_diagonals",0.64375
"124","dummy.living ~ nr_pix + right2tile + nr_eyes",0.64375
"235","dummy.living ~ height + neigh1 + left2tile",0.64375
"273","dummy.living ~ height + right2tile + horizontalness",0.64375
"276","dummy.living ~ height + right2tile + nr_regions",0.64375
"366","dummy.living ~ width + cols_with_5 + nr_regions",0.64375
"407","dummy.living ~ width + right2tile + top2tile",0.64375
"531","dummy.living ~ span + right2tile + right_diagonals",0.64375
"560","dummy.living ~ span + horizontalness + left_diagonals",0.64375
"574","dummy.living ~ span + right_diagonals + avg_pixel_weight",0.64375
"746","dummy.living ~ cols_with_5 + top2tile + nr_eyes",0.64375
"751","dummy.living ~ cols_with_5 + bottom2tile + right_diagonals",0.64375
"795","dummy.living ~ neigh1 + left2tile + right_diagonals",0.64375
"798","dummy.living ~ neigh1 + left2tile + hollowness",0.64375
"820","dummy.living ~ neigh1 + top2tile + horizontalness",0.64375
"849","dummy.living ~ neigh1 + nr_regions + nr_eyes",0.64375
"871","dummy.living ~ neigh5 + right2tile + right_diagonals",0.64375
"882","dummy.living ~ neigh5 + verticalness + nr_eyes",0.64375
"883","dummy.living ~ neigh5 + verticalness + hollowness",0.64375
"941","dummy.living ~ left2tile + top2tile + horizontalness",0.64375
"954","dummy.living ~ left2tile + bottom2tile + avg_pixel_weight",0.64375
"1006","dummy.living ~ right2tile + left_diagonals + right_diagonals",0.64375
"1028","dummy.living ~ verticalness + top2tile + avg_pixel_weight",0.64375
"1131","dummy.living ~ right_diagonals + nr_regions + nr_eyes",0.64375
"108","dummy.living ~ nr_pix + left2tile + top2tile",0.6375
"115","dummy.living ~ nr_pix + left2tile + hollowness",0.6375
"132","dummy.living ~ nr_pix + verticalness + nr_regions",0.6375
"239","dummy.living ~ height + neigh1 + bottom2tile",0.6375
"240","dummy.living ~ height + neigh1 + horizontalness",0.6375
"326","dummy.living ~ width + span + cols_with_5",0.6375
"362","dummy.living ~ width + cols_with_5 + bottom2tile",0.6375
"367","dummy.living ~ width + cols_with_5 + nr_eyes",0.6375
"399","dummy.living ~ width + left2tile + horizontalness",0.6375
"401","dummy.living ~ width + left2tile + right_diagonals",0.6375
"411","dummy.living ~ width + right2tile + right_diagonals",0.6375
"420","dummy.living ~ width + verticalness + right_diagonals",0.6375
"443","dummy.living ~ width + horizontalness + nr_eyes",0.6375
"483","dummy.living ~ span + cols_with_5 + horizontalness",0.6375
"542","dummy.living ~ span + verticalness + nr_eyes",0.6375
"548","dummy.living ~ span + top2tile + right_diagonals",0.6375
"553","dummy.living ~ span + bottom2tile + horizontalness",0.6375
"555","dummy.living ~ span + bottom2tile + right_diagonals",0.6375
"561","dummy.living ~ span + horizontalness + right_diagonals",0.6375
"637","dummy.living ~ rows_with_5 + right2tile + nr_regions",0.6375
"639","dummy.living ~ rows_with_5 + right2tile + hollowness",0.6375
"643","dummy.living ~ rows_with_5 + verticalness + horizontalness",0.6375
"679","dummy.living ~ rows_with_5 + right_diagonals + avg_pixel_weight",0.6375
"687","dummy.living ~ cols_with_5 + neigh1 + left2tile",0.6375
"692","dummy.living ~ cols_with_5 + neigh1 + horizontalness",0.6375
"714","dummy.living ~ cols_with_5 + left2tile + bottom2tile",0.6375
"919","dummy.living ~ neigh5 + nr_eyes + avg_pixel_weight",0.6375
"927","dummy.living ~ left2tile + right2tile + nr_regions",0.6375
"980","dummy.living ~ right2tile + verticalness + right_diagonals",0.6375
"983","dummy.living ~ right2tile + verticalness + hollowness",0.6375
"1121","dummy.living ~ left_diagonals + right_diagonals + nr_regions",0.6375
"42","dummy.living ~ nr_pix + span + verticalness",0.63125
"51","dummy.living ~ nr_pix + span + avg_pixel_weight",0.63125
"66","dummy.living ~ nr_pix + rows_with_5 + avg_pixel_weight",0.63125
"78","dummy.living ~ nr_pix + cols_with_5 + nr_eyes",0.63125
"101","dummy.living ~ nr_pix + neigh5 + right_diagonals",0.63125
"125","dummy.living ~ nr_pix + right2tile + hollowness",0.63125
"134","dummy.living ~ nr_pix + verticalness + hollowness",0.63125
"163","dummy.living ~ nr_pix + right_diagonals + nr_eyes",0.63125
"332","dummy.living ~ width + span + top2tile",0.63125
"358","dummy.living ~ width + cols_with_5 + left2tile",0.63125
"475","dummy.living ~ span + rows_with_5 + avg_pixel_weight",0.63125
"546","dummy.living ~ span + top2tile + horizontalness",0.63125
"619","dummy.living ~ rows_with_5 + neigh5 + avg_pixel_weight",0.63125
"630","dummy.living ~ rows_with_5 + left2tile + avg_pixel_weight",0.63125
"664","dummy.living ~ rows_with_5 + bottom2tile + avg_pixel_weight",0.63125
"694","dummy.living ~ cols_with_5 + neigh1 + right_diagonals",0.63125
"757","dummy.living ~ cols_with_5 + horizontalness + right_diagonals",0.63125
"803","dummy.living ~ neigh1 + right2tile + horizontalness",0.63125
"810","dummy.living ~ neigh1 + verticalness + top2tile",0.63125
"825","dummy.living ~ neigh1 + top2tile + hollowness",0.63125
"839","dummy.living ~ neigh1 + horizontalness + avg_pixel_weight",0.63125
"866","dummy.living ~ neigh5 + right2tile + verticalness",0.63125
"935","dummy.living ~ left2tile + verticalness + right_diagonals",0.63125
"961","dummy.living ~ left2tile + left_diagonals + right_diagonals",0.63125
"1018","dummy.living ~ right2tile + nr_eyes + hollowness",0.63125
"1020","dummy.living ~ right2tile + hollowness + avg_pixel_weight",0.63125
"1070","dummy.living ~ top2tile + left_diagonals + right_diagonals",0.63125
"1080","dummy.living ~ top2tile + nr_regions + hollowness",0.63125
"1086","dummy.living ~ bottom2tile + horizontalness + right_diagonals",0.63125
"20","dummy.living ~ nr_pix + width + rows_with_5",0.625
"37","dummy.living ~ nr_pix + span + cols_with_5",0.625
"87","dummy.living ~ nr_pix + neigh1 + horizontalness",0.625
"113","dummy.living ~ nr_pix + left2tile + nr_regions",0.625
"128","dummy.living ~ nr_pix + verticalness + bottom2tile",0.625
"129","dummy.living ~ nr_pix + verticalness + horizontalness",0.625
"218","dummy.living ~ height + rows_with_5 + hollowness",0.625
"236","dummy.living ~ height + neigh1 + right2tile",0.625
"280","dummy.living ~ height + verticalness + top2tile",0.625
"287","dummy.living ~ height + verticalness + hollowness",0.625
"471","dummy.living ~ span + rows_with_5 + right_diagonals",0.625
"504","dummy.living ~ span + neigh5 + right2tile",0.625
"520","dummy.living ~ span + left2tile + left_diagonals",0.625
"627","dummy.living ~ rows_with_5 + left2tile + nr_regions",0.625
"641","dummy.living ~ rows_with_5 + verticalness + top2tile",0.625
"809","dummy.living ~ neigh1 + right2tile + avg_pixel_weight",0.625
"832","dummy.living ~ neigh1 + bottom2tile + hollowness",0.625
"876","dummy.living ~ neigh5 + verticalness + top2tile",0.625
"888","dummy.living ~ neigh5 + top2tile + right_diagonals",0.625
"894","dummy.living ~ neigh5 + bottom2tile + left_diagonals",0.625
"938","dummy.living ~ left2tile + verticalness + hollowness",0.625
"1016","dummy.living ~ right2tile + nr_regions + hollowness",0.625
"1040","dummy.living ~ verticalness + horizontalness + hollowness",0.625
"1050","dummy.living ~ verticalness + right_diagonals + avg_pixel_weight",0.625
"1051","dummy.living ~ verticalness + nr_regions + nr_eyes",0.625
"109","dummy.living ~ nr_pix + left2tile + bottom2tile",0.61875
"110","dummy.living ~ nr_pix + left2tile + horizontalness",0.61875
"127","dummy.living ~ nr_pix + verticalness + top2tile",0.61875
"329","dummy.living ~ width + span + left2tile",0.61875
"334","dummy.living ~ width + span + horizontalness",0.61875
"424","dummy.living ~ width + verticalness + avg_pixel_weight",0.61875
"481","dummy.living ~ span + cols_with_5 + top2tile",0.61875
"530","dummy.living ~ span + right2tile + left_diagonals",0.61875
"540","dummy.living ~ span + verticalness + right_diagonals",0.61875
"544","dummy.living ~ span + verticalness + avg_pixel_weight",0.61875
"566","dummy.living ~ span + left_diagonals + right_diagonals",0.61875
"634","dummy.living ~ rows_with_5 + right2tile + horizontalness",0.61875
"640","dummy.living ~ rows_with_5 + right2tile + avg_pixel_weight",0.61875
"649","dummy.living ~ rows_with_5 + verticalness + avg_pixel_weight",0.61875
"657","dummy.living ~ rows_with_5 + top2tile + avg_pixel_weight",0.61875
"658","dummy.living ~ rows_with_5 + bottom2tile + horizontalness",0.61875
"759","dummy.living ~ cols_with_5 + horizontalness + nr_eyes",0.61875
"873","dummy.living ~ neigh5 + right2tile + nr_eyes",0.61875
"880","dummy.living ~ neigh5 + verticalness + right_diagonals",0.61875
"914","dummy.living ~ neigh5 + right_diagonals + avg_pixel_weight",0.61875
"957","dummy.living ~ left2tile + horizontalness + nr_regions",0.61875
"970","dummy.living ~ left2tile + nr_regions + nr_eyes",0.61875
"971","dummy.living ~ left2tile + nr_regions + hollowness",0.61875
"1004","dummy.living ~ right2tile + horizontalness + hollowness",0.61875
"1031","dummy.living ~ verticalness + bottom2tile + right_diagonals",0.61875
"1041","dummy.living ~ verticalness + horizontalness + avg_pixel_weight",0.61875
"26","dummy.living ~ nr_pix + width + verticalness",0.6125
"35","dummy.living ~ nr_pix + width + avg_pixel_weight",0.6125
"41","dummy.living ~ nr_pix + span + right2tile",0.6125
"268","dummy.living ~ height + left2tile + hollowness",0.6125
"278","dummy.living ~ height + right2tile + hollowness",0.6125
"336","dummy.living ~ width + span + right_diagonals",0.6125
"361","dummy.living ~ width + cols_with_5 + top2tile",0.6125
"433","dummy.living ~ width + bottom2tile + horizontalness",0.6125
"454","dummy.living ~ width + right_diagonals + avg_pixel_weight",0.6125
"465","dummy.living ~ span + rows_with_5 + right2tile",0.6125
"487","dummy.living ~ span + cols_with_5 + nr_eyes",0.6125
"507","dummy.living ~ span + neigh5 + bottom2tile",0.6125
"568","dummy.living ~ span + left_diagonals + nr_eyes",0.6125
"642","dummy.living ~ rows_with_5 + verticalness + bottom2tile",0.6125
"666","dummy.living ~ rows_with_5 + horizontalness + right_diagonals",0.6125
"669","dummy.living ~ rows_with_5 + horizontalness + hollowness",0.6125
"812","dummy.living ~ neigh1 + verticalness + horizontalness",0.6125
"822","dummy.living ~ neigh1 + top2tile + right_diagonals",0.6125
"829","dummy.living ~ neigh1 + bottom2tile + right_diagonals",0.6125
"863","dummy.living ~ neigh5 + left2tile + nr_eyes",0.6125
"887","dummy.living ~ neigh5 + top2tile + left_diagonals",0.6125
"996","dummy.living ~ right2tile + bottom2tile + nr_regions",0.6125
"1002","dummy.living ~ right2tile + horizontalness + nr_regions",0.6125
"1015","dummy.living ~ right2tile + nr_regions + nr_eyes",0.6125
"1061","dummy.living ~ top2tile + bottom2tile + nr_eyes",0.6125
"17","dummy.living ~ nr_pix + height + hollowness",0.60625
"19","dummy.living ~ nr_pix + width + span",0.60625
"60","dummy.living ~ nr_pix + rows_with_5 + horizontalness",0.60625
"135","dummy.living ~ nr_pix + verticalness + avg_pixel_weight",0.60625
"152","dummy.living ~ nr_pix + horizontalness + right_diagonals",0.60625
"333","dummy.living ~ width + span + bottom2tile",0.60625
"363","dummy.living ~ width + cols_with_5 + horizontalness",0.60625
"386","dummy.living ~ width + neigh5 + top2tile",0.60625
"416","dummy.living ~ width + verticalness + top2tile",0.60625
"466","dummy.living ~ span + rows_with_5 + verticalness",0.60625
"515","dummy.living ~ span + left2tile + right2tile",0.60625
"651","dummy.living ~ rows_with_5 + top2tile + horizontalness",0.60625
"670","dummy.living ~ rows_with_5 + horizontalness + avg_pixel_weight",0.60625
"675","dummy.living ~ rows_with_5 + left_diagonals + avg_pixel_weight",0.60625
"688","dummy.living ~ cols_with_5 + neigh1 + right2tile",0.60625
"749","dummy.living ~ cols_with_5 + bottom2tile + horizontalness",0.60625
"799","dummy.living ~ neigh1 + left2tile + avg_pixel_weight",0.60625
"870","dummy.living ~ neigh5 + right2tile + left_diagonals",0.60625
"933","dummy.living ~ left2tile + verticalness + horizontalness",0.60625
"1003","dummy.living ~ right2tile + horizontalness + nr_eyes",0.60625
"1005","dummy.living ~ right2tile + horizontalness + avg_pixel_weight",0.60625
"1101","dummy.living ~ bottom2tile + nr_regions + hollowness",0.60625
"27","dummy.living ~ nr_pix + width + top2tile",0.6
"40","dummy.living ~ nr_pix + span + left2tile",0.6
"387","dummy.living ~ width + neigh5 + bottom2tile",0.6
"441","dummy.living ~ width + horizontalness + right_diagonals",0.6
"448","dummy.living ~ width + left_diagonals + nr_eyes",0.6
"506","dummy.living ~ span + neigh5 + top2tile",0.6
"510","dummy.living ~ span + neigh5 + right_diagonals",0.6
"539","dummy.living ~ span + verticalness + left_diagonals",0.6
"725","dummy.living ~ cols_with_5 + right2tile + horizontalness",0.6
"856","dummy.living ~ neigh5 + left2tile + verticalness",0.6
"860","dummy.living ~ neigh5 + left2tile + left_diagonals",0.6
"877","dummy.living ~ neigh5 + verticalness + bottom2tile",0.6
"892","dummy.living ~ neigh5 + top2tile + avg_pixel_weight",0.6
"899","dummy.living ~ neigh5 + bottom2tile + avg_pixel_weight",0.6
"932","dummy.living ~ left2tile + verticalness + bottom2tile",0.6
"1012","dummy.living ~ right2tile + right_diagonals + nr_eyes",0.6
"1076","dummy.living ~ top2tile + right_diagonals + nr_eyes",0.6
"1114","dummy.living ~ horizontalness + right_diagonals + avg_pixel_weight",0.6
"28","dummy.living ~ nr_pix + width + bottom2tile",0.59375
"106","dummy.living ~ nr_pix + left2tile + right2tile",0.59375
"139","dummy.living ~ nr_pix + top2tile + right_diagonals",0.59375
"330","dummy.living ~ width + span + right2tile",0.59375
"338","dummy.living ~ width + span + nr_eyes",0.59375
"345","dummy.living ~ width + rows_with_5 + right2tile",0.59375
"351","dummy.living ~ width + rows_with_5 + right_diagonals",0.59375
"384","dummy.living ~ width + neigh5 + right2tile",0.59375
"406","dummy.living ~ width + right2tile + verticalness",0.59375
"417","dummy.living ~ width + verticalness + bottom2tile",0.59375
"426","dummy.living ~ width + top2tile + horizontalness",0.59375
"428","dummy.living ~ width + top2tile + right_diagonals",0.59375
"435","dummy.living ~ width + bottom2tile + right_diagonals",0.59375
"505","dummy.living ~ span + neigh5 + verticalness",0.59375
"533","dummy.living ~ span + right2tile + nr_eyes",0.59375
"615","dummy.living ~ rows_with_5 + neigh5 + right_diagonals",0.59375
"837","dummy.living ~ neigh1 + horizontalness + nr_eyes",0.59375
"1112","dummy.living ~ horizontalness + right_diagonals + nr_eyes",0.59375
"29","dummy.living ~ nr_pix + width + horizontalness",0.5875
"43","dummy.living ~ nr_pix + span + top2tile",0.5875
"45","dummy.living ~ nr_pix + span + horizontalness",0.5875
"107","dummy.living ~ nr_pix + left2tile + verticalness",0.5875
"157","dummy.living ~ nr_pix + left_diagonals + right_diagonals",0.5875
"165","dummy.living ~ nr_pix + right_diagonals + avg_pixel_weight",0.5875
"328","dummy.living ~ width + span + neigh5",0.5875
"340","dummy.living ~ width + span + avg_pixel_weight",0.5875
"346","dummy.living ~ width + rows_with_5 + verticalness",0.5875
"437","dummy.living ~ width + bottom2tile + nr_eyes",0.5875
"503","dummy.living ~ span + neigh5 + left2tile",0.5875
"516","dummy.living ~ span + left2tile + verticalness",0.5875
"554","dummy.living ~ span + bottom2tile + left_diagonals",0.5875
"715","dummy.living ~ cols_with_5 + left2tile + horizontalness",0.5875
"717","dummy.living ~ cols_with_5 + left2tile + right_diagonals",0.5875
"885","dummy.living ~ neigh5 + top2tile + bottom2tile",0.5875
"928","dummy.living ~ left2tile + right2tile + nr_eyes",0.5875
"939","dummy.living ~ left2tile + verticalness + avg_pixel_weight",0.5875
"974","dummy.living ~ left2tile + nr_eyes + avg_pixel_weight",0.5875
"1019","dummy.living ~ right2tile + nr_eyes + avg_pixel_weight",0.5875
"1022","dummy.living ~ verticalness + top2tile + horizontalness",0.5875
"1053","dummy.living ~ verticalness + nr_regions + avg_pixel_weight",0.5875
"1059","dummy.living ~ top2tile + bottom2tile + right_diagonals",0.5875
"1078","dummy.living ~ top2tile + right_diagonals + avg_pixel_weight",0.5875
"94","dummy.living ~ nr_pix + neigh5 + left2tile",0.58125
"137","dummy.living ~ nr_pix + top2tile + horizontalness",0.58125
"320","dummy.living ~ height + nr_regions + hollowness",0.58125
"325","dummy.living ~ width + span + rows_with_5",0.58125
"400","dummy.living ~ width + left2tile + left_diagonals",0.58125
"430","dummy.living ~ width + top2tile + nr_eyes",0.58125
"446","dummy.living ~ width + left_diagonals + right_diagonals",0.58125
"525","dummy.living ~ span + left2tile + avg_pixel_weight",0.58125
"535","dummy.living ~ span + right2tile + avg_pixel_weight",0.58125
"550","dummy.living ~ span + top2tile + nr_eyes",0.58125
"620","dummy.living ~ rows_with_5 + left2tile + right2tile",0.58125
"653","dummy.living ~ rows_with_5 + top2tile + right_diagonals",0.58125
"912","dummy.living ~ neigh5 + right_diagonals + nr_eyes",0.58125
"960","dummy.living ~ left2tile + horizontalness + avg_pixel_weight",0.58125
"979","dummy.living ~ right2tile + verticalness + left_diagonals",0.58125
"1008","dummy.living ~ right2tile + left_diagonals + nr_eyes",0.58125
"1065","dummy.living ~ top2tile + horizontalness + right_diagonals",0.58125
"1091","dummy.living ~ bottom2tile + left_diagonals + right_diagonals",0.58125
"1099","dummy.living ~ bottom2tile + right_diagonals + avg_pixel_weight",0.58125
"24","dummy.living ~ nr_pix + width + left2tile",0.575
"58","dummy.living ~ nr_pix + rows_with_5 + top2tile",0.575
"100","dummy.living ~ nr_pix + neigh5 + left_diagonals",0.575
"142","dummy.living ~ nr_pix + top2tile + hollowness",0.575
"144","dummy.living ~ nr_pix + bottom2tile + horizontalness",0.575
"146","dummy.living ~ nr_pix + bottom2tile + right_diagonals",0.575
"335","dummy.living ~ width + span + left_diagonals",0.575
"390","dummy.living ~ width + neigh5 + right_diagonals",0.575
"415","dummy.living ~ width + right2tile + avg_pixel_weight",0.575
"547","dummy.living ~ span + top2tile + left_diagonals",0.575
"624","dummy.living ~ rows_with_5 + left2tile + horizontalness",0.575
"807","dummy.living ~ neigh1 + right2tile + nr_eyes",0.575
"934","dummy.living ~ left2tile + verticalness + left_diagonals",0.575
"958","dummy.living ~ left2tile + horizontalness + nr_eyes",0.575
"967","dummy.living ~ left2tile + right_diagonals + nr_eyes",0.575
"1029","dummy.living ~ verticalness + bottom2tile + horizontalness",0.575
"1042","dummy.living ~ verticalness + left_diagonals + right_diagonals",0.575
"1068","dummy.living ~ top2tile + horizontalness + hollowness",0.575
"1097","dummy.living ~ bottom2tile + right_diagonals + nr_eyes",0.575
"33","dummy.living ~ nr_pix + width + nr_eyes",0.56875
"46","dummy.living ~ nr_pix + span + left_diagonals",0.56875
"49","dummy.living ~ nr_pix + span + nr_eyes",0.56875
"62","dummy.living ~ nr_pix + rows_with_5 + right_diagonals",0.56875
"95","dummy.living ~ nr_pix + neigh5 + right2tile",0.56875
"121","dummy.living ~ nr_pix + right2tile + left_diagonals",0.56875
"245","dummy.living ~ height + neigh1 + hollowness",0.56875
"295","dummy.living ~ height + top2tile + hollowness",0.56875
"344","dummy.living ~ width + rows_with_5 + left2tile",0.56875
"383","dummy.living ~ width + neigh5 + left2tile",0.56875
"395","dummy.living ~ width + left2tile + right2tile",0.56875
"427","dummy.living ~ width + top2tile + left_diagonals",0.56875
"603","dummy.living ~ rows_with_5 + neigh1 + right_diagonals",0.56875
"629","dummy.living ~ rows_with_5 + left2tile + hollowness",0.56875
"652","dummy.living ~ rows_with_5 + top2tile + left_diagonals",0.56875
"660","dummy.living ~ rows_with_5 + bottom2tile + right_diagonals",0.56875
"959","dummy.living ~ left2tile + horizontalness + hollowness",0.56875
"1017","dummy.living ~ right2tile + nr_regions + avg_pixel_weight",0.56875
"1090","dummy.living ~ bottom2tile + horizontalness + avg_pixel_weight",0.56875
"23","dummy.living ~ nr_pix + width + neigh5",0.5625
"25","dummy.living ~ nr_pix + width + right2tile",0.5625
"30","dummy.living ~ nr_pix + width + left_diagonals",0.5625
"89","dummy.living ~ nr_pix + neigh1 + right_diagonals",0.5625
"116","dummy.living ~ nr_pix + left2tile + avg_pixel_weight",0.5625
"126","dummy.living ~ nr_pix + right2tile + avg_pixel_weight",0.5625
"302","dummy.living ~ height + bottom2tile + hollowness",0.5625
"419","dummy.living ~ width + verticalness + left_diagonals",0.5625
"434","dummy.living ~ width + bottom2tile + left_diagonals",0.5625
"439","dummy.living ~ width + bottom2tile + avg_pixel_weight",0.5625
"509","dummy.living ~ span + neigh5 + left_diagonals",0.5625
"526","dummy.living ~ span + right2tile + verticalness",0.5625
"545","dummy.living ~ span + top2tile + bottom2tile",0.5625
"557","dummy.living ~ span + bottom2tile + nr_eyes",0.5625
"659","dummy.living ~ rows_with_5 + bottom2tile + left_diagonals",0.5625
"671","dummy.living ~ rows_with_5 + left_diagonals + right_diagonals",0.5625
"848","dummy.living ~ neigh1 + right_diagonals + avg_pixel_weight",0.5625
"921","dummy.living ~ left2tile + right2tile + verticalness",0.5625
"1021","dummy.living ~ verticalness + top2tile + bottom2tile",0.5625
"1058","dummy.living ~ top2tile + bottom2tile + left_diagonals",0.5625
"1074","dummy.living ~ top2tile + left_diagonals + avg_pixel_weight",0.5625
"44","dummy.living ~ nr_pix + span + bottom2tile",0.55625
"156","dummy.living ~ nr_pix + horizontalness + avg_pixel_weight",0.55625
"389","dummy.living ~ width + neigh5 + left_diagonals",0.55625
"392","dummy.living ~ width + neigh5 + nr_eyes",0.55625
"405","dummy.living ~ width + left2tile + avg_pixel_weight",0.55625
"468","dummy.living ~ span + rows_with_5 + bottom2tile",0.55625
"512","dummy.living ~ span + neigh5 + nr_eyes",0.55625
"563","dummy.living ~ span + horizontalness + nr_eyes",0.55625
"838","dummy.living ~ neigh1 + horizontalness + hollowness",0.55625
"846","dummy.living ~ neigh1 + right_diagonals + nr_eyes",0.55625
"930","dummy.living ~ left2tile + right2tile + avg_pixel_weight",0.55625
"1044","dummy.living ~ verticalness + left_diagonals + nr_eyes",0.55625
"1089","dummy.living ~ bottom2tile + horizontalness + hollowness",0.55625
"1124","dummy.living ~ left_diagonals + right_diagonals + avg_pixel_weight",0.55625
"54","dummy.living ~ nr_pix + rows_with_5 + neigh5",0.55
"117","dummy.living ~ nr_pix + right2tile + verticalness",0.55
"148","dummy.living ~ nr_pix + bottom2tile + nr_eyes",0.55
"349","dummy.living ~ width + rows_with_5 + horizontalness",0.55
"410","dummy.living ~ width + right2tile + left_diagonals",0.55
"418","dummy.living ~ width + verticalness + horizontalness",0.55
"432","dummy.living ~ width + top2tile + avg_pixel_weight",0.55
"445","dummy.living ~ width + horizontalness + avg_pixel_weight",0.55
"559","dummy.living ~ span + bottom2tile + avg_pixel_weight",0.55
"963","dummy.living ~ left2tile + left_diagonals + nr_eyes",0.55
"1063","dummy.living ~ top2tile + bottom2tile + avg_pixel_weight",0.55
"1095","dummy.living ~ bottom2tile + left_diagonals + avg_pixel_weight",0.55
"149","dummy.living ~ nr_pix + bottom2tile + hollowness",0.54375
"154","dummy.living ~ nr_pix + horizontalness + nr_eyes",0.54375
"308","dummy.living ~ height + horizontalness + hollowness",0.54375
"467","dummy.living ~ span + rows_with_5 + top2tile",0.54375
"565","dummy.living ~ span + horizontalness + avg_pixel_weight",0.54375
"797","dummy.living ~ neigh1 + left2tile + nr_eyes",0.54375
"925","dummy.living ~ left2tile + right2tile + left_diagonals",0.54375
"1030","dummy.living ~ verticalness + bottom2tile + left_diagonals",0.54375
"1069","dummy.living ~ top2tile + horizontalness + avg_pixel_weight",0.54375
"1116","dummy.living ~ horizontalness + nr_regions + hollowness",0.54375
"39","dummy.living ~ nr_pix + span + neigh5",0.5375
"61","dummy.living ~ nr_pix + rows_with_5 + left_diagonals",0.5375
"111","dummy.living ~ nr_pix + left2tile + left_diagonals",0.5375
"155","dummy.living ~ nr_pix + horizontalness + hollowness",0.5375
"347","dummy.living ~ width + rows_with_5 + top2tile",0.5375
"425","dummy.living ~ width + top2tile + bottom2tile",0.5375
"552","dummy.living ~ span + top2tile + avg_pixel_weight",0.5375
"908","dummy.living ~ neigh5 + left_diagonals + nr_eyes",0.5375
"1122","dummy.living ~ left_diagonals + right_diagonals + nr_eyes",0.5375
"469","dummy.living ~ span + rows_with_5 + horizontalness",0.53125
"631","dummy.living ~ rows_with_5 + right2tile + verticalness",0.53125
"879","dummy.living ~ neigh5 + verticalness + left_diagonals",0.53125
"1023","dummy.living ~ verticalness + top2tile + left_diagonals",0.53125
"1135","dummy.living ~ right_diagonals + nr_eyes + avg_pixel_weight",0.53125
"130","dummy.living ~ nr_pix + verticalness + left_diagonals",0.525
"141","dummy.living ~ nr_pix + top2tile + nr_eyes",0.525
"396","dummy.living ~ width + left2tile + verticalness",0.525
"450","dummy.living ~ width + left_diagonals + avg_pixel_weight",0.525
"470","dummy.living ~ span + rows_with_5 + left_diagonals",0.525
"972","dummy.living ~ left2tile + nr_regions + avg_pixel_weight",0.525
"570","dummy.living ~ span + left_diagonals + avg_pixel_weight",0.51875
"608","dummy.living ~ rows_with_5 + neigh5 + left2tile",0.51875
"1046","dummy.living ~ verticalness + left_diagonals + avg_pixel_weight",0.51875
"394","dummy.living ~ width + neigh5 + avg_pixel_weight",0.5125
"610","dummy.living ~ rows_with_5 + neigh5 + verticalness",0.5125
"855","dummy.living ~ neigh5 + left2tile + right2tile",0.5125
"55","dummy.living ~ nr_pix + rows_with_5 + left2tile",0.50625
"56","dummy.living ~ nr_pix + rows_with_5 + right2tile",0.50625
"57","dummy.living ~ nr_pix + rows_with_5 + verticalness",0.50625
"143","dummy.living ~ nr_pix + top2tile + avg_pixel_weight",0.50625
"463","dummy.living ~ span + rows_with_5 + neigh5",0.50625
"984","dummy.living ~ right2tile + verticalness + avg_pixel_weight",0.50625
"635","dummy.living ~ rows_with_5 + right2tile + left_diagonals",0.5
"348","dummy.living ~ width + rows_with_5 + bottom2tile",0.4875
"621","dummy.living ~ rows_with_5 + left2tile + verticalness",0.4875
"644","dummy.living ~ rows_with_5 + verticalness + left_diagonals",0.48125
"650","dummy.living ~ rows_with_5 + top2tile + bottom2tile",0.48125
"965","dummy.living ~ left2tile + left_diagonals + avg_pixel_weight",0.48125
"150","dummy.living ~ nr_pix + bottom2tile + avg_pixel_weight",0.475
"350","dummy.living ~ width + rows_with_5 + left_diagonals",0.46875
"625","dummy.living ~ rows_with_5 + left2tile + left_diagonals",0.46875
"59","dummy.living ~ nr_pix + rows_with_5 + bottom2tile",0.4625
"514","dummy.living ~ span + neigh5 + avg_pixel_weight",0.4625
"1010","dummy.living ~ right2tile + left_diagonals + avg_pixel_weight",0.4625
"161","dummy.living ~ nr_pix + left_diagonals + avg_pixel_weight",0.45625
"343","dummy.living ~ width + rows_with_5 + neigh5",0.45
"609","dummy.living ~ rows_with_5 + neigh5 + right2tile",0.45
"614","dummy.living ~ rows_with_5 + neigh5 + left_diagonals",0.4375
"865","dummy.living ~ neigh5 + left2tile + avg_pixel_weight",0.4375
"910","dummy.living ~ neigh5 + left_diagonals + avg_pixel_weight",0.4375
"105","dummy.living ~ nr_pix + neigh5 + avg_pixel_weight",0.43125
"875","dummy.living ~ neigh5 + right2tile + avg_pixel_weight",0.43125
"884","dummy.living ~ neigh5 + verticalness + avg_pixel_weight",0.43125
"1088","dummy.living ~ bottom2tile + horizontalness + nr_eyes",0.43125
"1067","dummy.living ~ top2tile + horizontalness + nr_eyes",0.40625
